name,text
クラレンドル・ルージュ,クラレンドル・ルージュは、ボルドー、メドック格付第一級、シャトー・オー・ブリオンの醸造チームが手掛けるワイン。オー・ブリオンのブドウを含むボルドー全域からクオリティの高いブドウを厳選して仕立てられるという何とも贅沢な造りの1本です。 ボルドーワインならではの重厚さと気品をぜひご堪能ください。
シャトー・ジレ・ルージュ,伝統的な手法でワインを造る老舗シャトーが手掛ける赤ワイン。黒系果実のふくよかな果実味と程良いタンニンを兼ね備えた、お手本のようなボルドー・ルージュです。しっかりとした芳醇な味わいは、ビーフシチューやトマト煮込みなどの料理と好相性。ぜひ食事と一緒にお楽しみください。
モンテス・クラシック・シリーズ・カベルネ・ソーヴィニヨン,チリを代表するワイナリー、モンテスの最もスタンダードなシリーズ。ブドウはすべて手摘みで行い、フレンチオークでの熟成など、こだわりを持って造られています。上品なタンニンと優れたバランスを感じる味わい。癖がなく飲みやすいため、毎日の料理を引き立ててくれる1本です。
ドメーヌ・ド・ヴィルマジュー・コルビエール・ブートナック,ジェラール・ベルトランは、『ワイン・エンスージアスト』において、ヨーロッパのワイナリー・オブ・ザ・イヤーを受賞した名門。ヴィルマジューは、南仏の代表的なブドウ品種カリニャン、シラー、グルナッシュルの3品種をブレンドして造られる彼らの代表キュヴェです。バランスが良く、世界で高い評価を受けるコストパフォーマンス抜群の赤ワインです。
ピーツ・ピュア・ピノ・ノワール,南オーストラリア随一の農業産地マレー・ダーリング南部に位置し、すべて自社畑栽培のブドウを使用し醸造も行うピーツ・ピュア。サステナブル農法を実践する他、再生可能エネルギーの利用によるCO2削減にも取り組んでいるワイナリーです。こちらはピノ・ノワール主体で造られる赤ワイン。チャーミングな果実味と豊満な酸味が調和した、優美な味わいです。
ブリッコ・エルネスト ヴィーノ・ロッソ,"こちらは若き生産者がオーガニック栽培で大切に育てたブドウで造る、毎回入荷の度に即完売となる人気銘柄です。年産約3,000本の稀少なワインで、エノテカのバイヤーがイタリア・ピエモンテの地にワインの買い付けに行った際、現地レストランで惚れ込み、買い付けを即決しました。エレガントかつじんわりと果実の旨味が感じられる味わいが魅力で、バローロ、バルバレスコ好きのみならずブルゴーニュ好きにもおすすめしたい、ピエモンテワインの懐の深さを感じる1本です。"
ピーツ・ピュア・カベルネ・ソーヴィニヨン,南オーストラリア随一の農業産地マレー・ダーリング南部に位置し、すべて自社畑栽培のブドウを使用し醸造も行うピーツ・ピュア。サステナブル農法を実践する他、再生可能エネルギーの利用によるCO2削減にも取り組んでいるワイナリーです。こちらはカベルネ・ソーヴィニヨンを中心に複数のブドウで造る赤ワイン。ピュアな果実のアロマと豊満なタンニンが特徴の1本です。
ピーツ・ピュア・シラーズ,南オーストラリア随一の農業産地マレー・ダーリング南部に位置し、すべて自社畑栽培のブドウを使用し醸造も行うピーツ・ピュア。サステナブル農法を実践する他、再生可能エネルギーの利用によるCO2削減にも取り組んでいるワイナリーです。こちらはシラーズを中心に複数のブドウで造る赤ワイン。甘やかな果実味と柔らかなタンニンが特徴の濃密なスタイルです。
モンテス・アルファ・カベルネ・ソーヴィニヨン,モンテスは、チリワインの可能性と最高品質を追求し、世界のワインラヴァーに愛されるワイン造りを目指してスタートしたワイナリー。今やチリ最高峰ワイナリーとしての地位を確立しています。アルファ・シリーズは、彼らのフラッグシップ・ワイン。上質なカベルネ・ソーヴィニヨンを用いて造られる、エレガントな仕上がりの1本です。
ラ・モット・ミレニアム,17世紀より歴史を持つ、南アフリカの名門ワイナリー。こちらはフランスのボルドースタイルを意識した赤ワイン。銘醸地のさまざまな特徴をもつ畑からとれたブドウを組み合わせて造られます。そのため、ブレンドによる複雑な香り、濃厚な果実味を堪能いただける逸品です。
シャトー・モン・ペラ・ルージュ,人気ワイン漫画『神の雫』に登場したことがきっかけとなり大ヒットとなったシャトー。こちらは、Mr.メルロと称される天才醸造家ミッシェル・ロラン氏が手掛ける赤ワインです。パワフルでありながらも、飲み心地はスムースでクリーミー。肉の煮込み料理や卵料理、鰻の蒲焼きなど、深みと丸みのある料理と好相性で、日々の食卓を彩ります。
ムートン・カデ・キュヴェ・ヘリテージ・ルージュ,メドック格付け第一級シャトーを所有するバロン・フィリップ・ド・ロスチャイルドが、本拠地ボルドーで手掛けるカジュアルワイン、ムートン・カデ。こちらは、1930年にメドック格付け第一級シャトー・ムートン・ロスチャイルドのブドウが不作となり、リリースできなかった年に生まれたという誕生秘話を持つ、ムートン直系のワインです。甘美で飽きのこない柔らかな飲み心地と木樽由来の風味による格調高い味わいが魅力です。
トーディ・ロッソ,イタリア中部、ウンブリア州最大規模を誇り、常に安定した品質のワインを生み出すワイナリー。こちらはサンジョヴェーゼとメルロをブレンドし、柔らかい飲み口が魅力で、重すぎず飲み疲れしないスタイルの赤ワインです。トマトソースとの相性が抜群で少しクセのあるチーズとも良く合います。
ネプリカ・プリミティーヴォ,トルマレスカは、アンティノリ社が「エレガントでトップクオリティのワインを造り出す」という信念の元に立ち上げたワイナリー。ネプリカは、プーリア州の魅力を気軽に楽しめるシリーズ。こちらは甘みを感じる果実味と豊かな酸味が特徴のプリミティーヴォで仕立てる、パワフルかつフルーティーな親しみやすい1本です。
コート・デュ・ローヌ,"500年の歴史を持つジゴンダスのワイナリーであり、トップ生産者のひとつ。ブラックベリーやカシスなどの黒系果実のアロマに、黒胡椒やバラのようなニュアンス。ローヌ南部のシラーならではのフレッシュな果実味と力強さが楽しめます。2,000円台という価格ながらもコストパフォーマンス抜群。エノテカでも人気のローヌワインです。"
ルックアウト・ケープ・レオパード・マウンテン・レッド,南アフリカ有数の銘醸地フランシュホークを拠点とするワイナリー、レオパーズ・リープ。ルックアウトシリーズは、毎日の食卓で楽しんでいただくことをコンセプトに造られたシリーズ。こちらの赤ワインは、華やかな香り、徐々にスパイシーな風味が感じられ巧みな味わいをお楽しみいただけます。
イル・プリンチペ,"ラッロは1860年創業のシチリアのワイナリーで、手掛けるワインがヴィニ・ディ・イタリア2014年版~2021年版まで8年連続で最高評価を獲得した、注目の生産者です。こちらはネロ・ダヴォラというシチリアの伝統品種を用いており、完熟フルーツの甘やかな香りと、まろやかな口当たりが特徴。1,000円台にもかかわらず、シチリアの魅力を存分に楽しむことができる仕上がりです。"
クラレンドル・ルージュ サン・テミリオン,5大シャトーの一角として君臨するシャトー・オー・ブリオンを所有する、クラレンス・ディロン・ワインズが造るクラレンドル・シリーズ。こちらのワインは、ボルドー右岸の銘醸地サン・テミリオンのブドウに限定して造られるワンランク上の赤ワインです。豊かなコクと滑らかなテクスチャーを兼備。全ての要素を高いレベルでまとめ上げた味わいです。
カベルネ・ソーヴィニヨン,近代的な設備と壮大な自然で観光地としても有名な、南アフリカ有数のワイナリー。こちらはカベルネ・ソーヴィニヨンを使った赤ワイン。口に含むと濃厚なベリー系果実の味わいに、徐々に黒系果実の風味が現れます。非常にバランスのとれた上品な味わいで、エレガントな風味が余韻に長く続きます。
ネプリカ・ネグロアマーロ,トルマレスカは、アンティノリ社が「エレガントでトップクオリティのワインを造り出す」という信念の元に立ち上げたワイナリー。ネプリカ・シリーズは、ネグロアマーロとプリミティーヴォ、カベルネ・ソーヴィニヨンの頭文字を取った、プーリア州の魅力を気軽に楽しめるシリーズ。こちらはネグロアマーロで仕立てる、豊かな果実味と柔らかなタンニンを感じる赤ワインです。
ペポリ・キャンティ・クラシコ,14世紀より続く歴史と伝統のあるイタリアワインの偉大な老舗ワインメーカー、アンティノリ。こちらはキャンティの主要品種サンジョヴェーゼとメルロ、シラーをブレンドしています。洗練されたモダンな雰囲気が漂う、非常にバランスの取れたスタイル。幅広い料理と相性抜群です。
マプ・グラン・レゼルヴァ・カベルネ・ソーヴィニヨン,「マプ・シリーズ」は、ボルドーの名門バロン・フィリップ・ド・ロスチャイルド社が、チリ有数の銘醸地マウレ・ヴァレーで手掛けるセレクション。こちらはステンレスタンクとフレンチオークの古樽、新樽をバランスよく使用し、カベルネ・ソーヴィニヨンのアロマと風味を際立たせた1本。複雑なニュアンスがバランスよく保たれた、豊かな果実味が中心のスタイルです。
サンタ・クリスティーナ・ロッソ,イタリアの名門アンティノリが手掛けるサンタ・クリスティーナ。1946年の発売以来長く愛され、イタリア国内で「その名を知らぬものはいない」と言われるロングセラーを記録しています。こちらのワインは、飲み心地の良いチャーミングなスタイルが特徴。イタリアワインらしく、食事との相性が抜群で、バランスに優れた1本です。
ロ・タンゴ・マルベック,クリスタル・ガラスで有名なスワロフスキー社が所有するワイナリー。こちらはアルゼンチンの代表品種であるマルベックを用いた赤ワインです。豊かな果実味、独特のタンニンはアルゼンチンを代表するブドウ品種、マルベックの特徴。アルゼンチンでもポピュラーな料理、牛肉の炭火グリルとの相性は抜群です。
エスクード・ロホ・レゼルヴァ・カベルネ・ソーヴィニヨン,メドック格付け第一級、シャトー・ムートンを手掛ける名門がチリの地で造る、「エスクード・ロホ・レゼルヴ」シリーズ。こちらはカベルネ・ソーヴィニヨン100%で仕立てる赤ワイン。マイポ・ヴァレ－の上品さと力強さが表現された、フレッシュで洗練されたスタイルです。
レ・ドゥー・アルビオン・ルージュ,500年の歴史を持つジゴンダスのワイナリーであり、トップ生産者の1つ、シャトー・ド・サン・コム。こちらは、オーナーであるルイ・バリュオール氏曰く、「ジゴンダスに繋がるような血統を感じられるワイン」とのこと。複数品種を使用することで、複雑で、果実味と酸のバランスが取れた仕上がりです。凝縮した果実味と洗練されたタンニンが織り成す、豊潤な味わいをお楽しみいただけます。
クロ・アンセストラル,こちらはトーレスが「古来品種復興プロジェクト」としてカタルーニャの文化やワイン造りの遺産を後世に残したいという想いを込めて手掛けるワインです。ペネデスにて栽培されているテンプラニーリョとガルナッチャに、高温や干ばつに耐性のある黒ブドウ「モネウ」がブレンドされています。ラズベリーやバラなどの華やかなアロマと凝縮感のある果実味が魅力の1本です。
サンタ・ディグナ・カベルネ・ソーヴィニヨン グラン・レゼルヴァ,スペインワインを牽引する名生産者、トーレスが欧州の伝統と技術を用いてチリで手掛ける造り手。こちらはワイン造りに携わる人々を大切にする取組みが評価され、サステナブル・ワイン・オブ・チリ認証を取得したシリーズです。カベルネ・ソーヴィニヨンをフレンチオーク主体のオーク樽で熟成しており、パワフルながら上品な味わいが魅力。シンプルな肉料理のほかにスモークハムや鶏肉とも相性抜群です。
レ・ヴァンダンジュ,ジャン・ピエール・ムエックス社はペトリュスをはじめ数々のプレミアムワインを育て上げた、ボルドーワインを語る上で欠かせない存在。こちらは、元々J.P.M 社が所有するシャトーで収穫の際に振る舞われ、皆で収穫の喜びを分かち合ってきたワイン。気軽にワインだけでも。食事と合わせても。リラックスして自由に楽しめる1本です。
カデ・ドック・ピノ・ノワール,5大シャトーの一角、シャトー・ムートン・ロスチャイルドを所有する、バロン・フィリップ社が南仏のラングドック地方で手掛けるワイン。一流の技術と、厳選された畑のブドウのみを使用して仕立てるため、手頃な価格ながら高品質をお楽しみいただけます。こちらはピノ・ノワール100%で仕立てる赤ワイン。瑞々しい果実味と酸、柔らかなタンニンが心地よいミディアムボディに仕上がっており、肉料理はもちろん、赤身の魚にもよく合います。
セレステ・クリアンサ,”キング・オブ・スペイン”と呼ばれ、「世界で最も称賛されるワインブランド」にも選ばれた名門トーレス。こちらは、標高900ｍの山の頂上、PAGO DEL CIERO（天空の畑）で造られるワインです。星座が描かれた美しいエチケットが特徴で、たっぷりとした果実味と、リッチで香ばしいオーク樽のニュアンスを楽しめます。生ハムの盛り合わせやタパス料理、パエリアなどと相性抜群です。
シャトー・ダルマイヤック,シャトー・ムートン・ロスチャイルドを手掛けるバロン・フィリップ・ド・ロスチャイルドが所有する第五級シャトー。その畑はムートン・ロスチャイルドとポンテ・カネに挟まれた素晴らしい立地です。ムートンファミリーの入門編に相応しいクオリティの高い味わいながら、1万円以下から手に入るお値打ちシャトーとなっています。
コルテ･ジャーラ・リパッソ・ヴァルポリチェッラ,ワイン評価誌ガンベロ・ロッソの2016年版にて、「ワイナリー・オブ・ザ・イヤー」を受賞しイタリア最高の生産者に輝いたアレグリーニ。こちらは「普段からお楽しみいただけるワイン」というコンセプトのハイコスパな1本。フルボディタイプながらも荒削りではなく、独自製法リパッソによる見事な旨味とコクを堪能できます。
カイケン・エステート・カベルネ・ソーヴィニヨン,カイケンは、チリにおけるモンテス社の知識と経験、アルゼンチンの恵まれた土壌が見事に融合した、ハイコスパ・デイリーワインの代名詞。こちらのワインは、程良く香る木樽のニュアンスが心地良く、ビターチョコレートやバニラのような複雑味も感じられ、非常にまろやかでバランスのとれた仕上がりです。
セラー・セレクション・ピノ・ノワール,国内外のコンクールで多数の受賞歴があるニュージーランドの生産者、シレーニ。こちらは、溢れる果実のアロマに軽やかなタンニンが心地良い赤ワインです。その上品な味わいは和食とも相性が良く、常備する1本としてもおすすめ。少し冷やしても美味しくお楽しみいただけます。
シラーズ,ワイン・アンド・スピリッツ誌のインターナショナル・ワイナリー・オブ・ザ・イヤーを獲得した、南オーストラリアのマクラーレン・ヴェールに位置するヤンガラ・エステート・ヴィンヤード。品種ごとの特長をよく表すスタンダード・シリーズ「エステート・コレクション」のひとつで、リッチながら上品にまとめ上げられたフィニッシュが魅力のシラーズです。
ヴィラ・アンティノリ・ロッソ,14世紀より続く歴史と伝統のあるイタリアワインのトップメーカー、アンティノリ。ヴィラ・アンティノリは、「所有するトスカーナ最高の畑から厳選したブドウを使用する」というコンセプトの元に造られる、エレガンスと気品を備えたシリーズ。厳選したサンジョヴェーゼと国際品種をブレンドして仕立てるスーパータスカンです。名家アンティノリ家の手腕を存分にご堪能いただける、大変コストパフォーマンスの高い1本をぜひご賞味ください。
ジェンセン・レガシー・キュヴェ・ピノ・ノワール,カレラは伝説的な醸造家、故ジョシュ・ジェンセン氏が1975年に創業し、「地球上で最も魅力的なピノ・ノワールのひとつ」と称されるワイナリー。こちらのジェンセン・レガシー・キュヴェ・ピノ・ノワールは、創業者の故ジョシュ・ジェンセン氏が追い求めた「完璧なワインづくり」への遺志を受け継ぎ新たに造られた、日本限定商品です。マウント・ハーランの自社畑を含めた複数のブドウをブレンドしています。タンニンはきめ細かく、ほのかな土っぽさやスパイスのニュアンスの混じる繊細なスタイル。カレラの真髄を感じられる、緻密で優美な味わいに仕上がっています。
カベルネ・ソーヴィニヨン・メルロ,スペイン・ソモンターノ地方のワイン造りをリードし、その名を世界の表舞台に知らしめたワイナリー、エナーテ。こちらの赤ワインは現地マドリッドやバルセロナのホテルやレストランで大人気の1本。ベリー系のアロマにソフトなタンニンが感じられ、豊かな果実味によるジューシーな味わいをお楽しみいただけます。
ジンガリ,スーパータスカンを生み出す偉大なワイン産地ボルゲリから僅か15kmの距離にあるスヴェレートで、最高峰のボルドースタイルのワイン造りを志し設立されたペトラ。こちらは、ペトラの魅力をより多くの方に知ってもらうために生み出された、4種類のブドウをブレンドして造られる1本。地中海の明るい雰囲気漂う、フレッシュな果実とピュアな旨味が溢れる赤ワインです。
ソアヴェ・クラシコ,丘陵地、単一品種でのワイン造りにこだわる「最高品質のソアヴェ」生産者。様々な丘の斜面にある畑で収穫されたガルガーネガ100%で造られるキュヴェです。瑞々しさが魅力で、生産者が「出かけるためのワイン」と表現するほど気軽に楽しめます。ワイン・スペクテーターの「35ドル以下で驚くべき価値のあるイタリア白ワイン9選」にも選出される、コスパ抜群の1本です。
グランド・リザーヴ・ストレイツ・ソーヴィニヨン・ブラン,国内外のコンクールで多数の受賞歴があるニュージーランドの生産者、シレーニ。グランド・リザーヴは、すべて単一畑で収穫されたブドウから造られる上級シリーズです。こちらは、ソーヴィニヨン・ブランの本拠地であるボルドーでも認められた格別な味わい。シーフード料理、軽くスパイスの効いたアジア料理などと好相性です。
ピーツ・ピュア ソーヴィニヨン・ブラン,南オーストラリア随一の農業産地マレー・ダーリング南部に位置し、すべて自社畑栽培のブドウを使用し醸造も行うピーツ・ピュア。サステナブル農法を実践する他、再生可能エネルギーの利用によるCO2削減にも取り組んでいるワイナリーです。こちらはソーヴィニヨン・ブランを中心に3種のブドウで造る白ワイン。トロピカルフルーツのアロマと程よく丸みを帯びた酸味がバランスを形成しています。
ソアヴェ・クラシコ・モンテ・カルボナーレ,丘陵地、単一品種でのワイン造りにこだわる「最高品質のソアヴェ」生産者。粘土質の深い火山性土壌が特徴の単一区画から造られるトップキュヴェのひとつです。ステンレスタンクにて澱と共に12カ月間熟成後、6カ月間瓶内熟成。「この畑における最高の表現のひとつ」と評されるほど、テロワールやミネラルの表現に富んだ、キレのある味わい。ガンベロ・ロッソにて最高賞であるトレ・ビッキエリを何度も獲得する等、高評価連発のソアヴェ・クラシコです。
ロ・タンゴ・トロンテス,クリスタル・ガラスで有名なスワロフスキー社が所有するワイナリー。アルゼンチンの土着品種であるトロンテスを使用した白ワインです。よく冷えた状態ではライチやマスカットのような、爽やかでフレッシュな香り。温度が上がると、トロピカルフルーツやパイナップル、蜜の甘い香りに変化するユニークな1本です。
モンテス・クラシック・シリーズ・シャルドネ,モンテスは、チリワインの可能性と最高品質を追求し、世界のワインラヴァーに愛されるワイン造りを目指してスタートしたワイナリー。今やチリ最高峰ワイナリーとしての地位を確立しています。エノテカでも、常に売れ筋上位の超人気アイテムであり、世界的なベストセラーになったのも納得。上質なチリワインのスタンダードと言える白ワインです。
ヴィントナーズ・リザーヴ・シャルドネ,ケンダル･ジャクソンは、アメリカで最多受賞歴を誇るカリフォルニア屈指のワイナリー。こちらのヴィントナーズ・リザーヴは、ワイン造りの中心を担う存在であり、原点のシリーズです。驚くほどのコクとボリューム感のある果実味に溢れており、ムニエルなどバター風味のお料理やクリーミーな味わいのドリア、アップルパイなどのデザートととも好相性。食事と一緒にお楽しみください。
ヴィーニャ・エスメラルダ,”キング・オブ・スペイン”と呼ばれ、「世界で最も称賛されるワインブランド」にも選ばれた名門トーレス。こちらはエメラルドに輝く地中海をイメージして造られており、エノテカでも圧倒的な人気を誇る爽やかな白ワインです。花のニュアンスを帯びた華やかなアロマに、ほのかに甘い果実味と新鮮な酸味が心地よい味わいで、ワインを飲み始めの方にもおすすめ。ぜひ様々なシーンでお楽しみください。
パソ・ダス・ブルーシャス,”キング・オブ・スペイン”と呼ばれ、「世界で最も称賛されるワインブランド」にも選ばれた名門トーレス。こちらは、スペインの土着品種アルバリーニョを使用して造られる白ワイン。上質な酸と土地由来のミネラル感に魅了される、爽やかな味わいが魅力です。その素材の味わいを引き立てる造りは魚介との相性も抜群。新鮮な生の魚を使った料理から、天ぷらなどの加熱した料理まで広く合わせられます。是非普段の食卓にお楽しみください。
モンテス・アルファ・スペシャル・キュヴェ シャルドネ,エノテカの超定番商品であるチリワイン、モンテス・アルファ・シリーズ。こちらは、アルファ・シリーズの中でも良年にのみリリースされるスペシャル・キュヴェ。ヴィンテージ毎にその年の特徴をよく表したシングルヴィンヤードの最高級のシャルドネのみで仕立てられています。口いっぱいに広がる力強い果実味と開放的な余韻。飲み手を魅了するスケール感のある味わいを堪能ください。
カルタ・ドーロ,"ラッロは1860年創業のシチリアのワイナリーで、手掛けるワインがヴィニ・ディ・イタリア2014年版~2021年版まで8年連続で最高評価を獲得した、注目の生産者です。こちらはカタラットというシチリアの伝統品種を用いており、フローラルでフルーティーな香りが特徴。フレッシュで調和のとれた味わいは、1,000円台にもかかわらず、シチリアの魅力を存分に表現しています。"
ピーツ・ピュア ピノ・グリージョ,南オーストラリア随一の農業産地マレー・ダーリング南部に位置し、すべて自社畑栽培のブドウを使用し醸造も行うピーツ・ピュア。サステナブル農法を実践する他、再生可能エネルギーの利用によるCO2削減にも取り組んでいるワイナリーです。こちらはピノ・グリージョを中心に3種のブドウで造る白ワイン。ピュアで透明感のある味わいが魅力の、ドライなスタイルに仕上がっています。
トーディ・ビアンコ,イタリア中部、ウンブリア州最大規模を誇り、常に安定した品質のワインを生み出すワイナリー。こちらはグレケットとトレッビアーノを50%ずつブレンドし、甘やかな果実味と穏やかな酸味が融合したドライな白ワイン。若々しくフレッシュなスタイルに仕上がっており、特に魚介類との相性は抜群です。
クララ・ブラン,ボルドー・メドック格付けの一級シャトー、シャトー・オー・ブリオンを擁するクラレンス・ディロン。高品質かつ手頃な価格帯のワインを手掛けています。クララ・シリーズは、南仏の厳選したブドウで造るワイン。2023年ヴィンテージより赤と白、ロゼをリリースしました。太陽の恩恵を受けた、果実味豊かな味わいを楽しめます。そしてクララ・ブランは、ソーヴィニヨン・ブランやヴィオニエ、ロール（ヴェルメンティーノ）など、複数の香り豊かなブドウをブレンドして造る白ワイン。南フランスらしい、熟した桃やネクタリンなどのリッチな果実味に、蜂蜜や花梨、ライムの花の風味、そして海を連想させる塩味やハーブの清涼感が見事に調和した仕上がりです。
サングレ・デ・トロ・ブランコ,トーレスは”キング・オブ・スペイン”と呼ばれ、「世界で最も称賛されるワインブランド」にも選ばれる名門です。こちらはデイリーワインに最適な定番白ワイン。柑橘系の爽やかな味わいが魅力で、アペリティフとして、またシーフードと合わせてお楽しみいただけます。
ムートン・カデ・ソーヴィニヨン・ブラン・オーガニック・バイ・ナタン,メドック格付け第一級シャトーを所有するバロン・フィリップ・ド・ロスチャイルドが、本拠地ボルドーで手掛けるカジュアルワイン、ムートン・カデ。こちらのワインは、人と環境を尊重したワインを全ての人へ届けたいという想いから誕生しました。柑橘系の果実のアロマに空気と触れ合う内に広がる花の香りが合わさる、爽やかな仕上がり。幅広い料理に合わせやすく、親しみやすい味わいが魅力です。
クラレンドル・ブラン,5大シャトーの一角として君臨するシャトー・オー・ブリオンを所有する、クラレンス・ディロン・ワインズが造るクラレンドル・シリーズ。こちらは、ボルドー・ブランの頂点に立つシャトーで培われた、ワイン造りの哲学と最高の技術が惜しみなくつぎ込まれている、贅沢な白ワインです。ソーヴィニヨン・ブランの爽快さとセミヨンのオイリーな質感を見事に融合させた、クラシカルなボルドー・ブランの味わいをお楽しみいただけます。
ピーツ・ピュア シャルドネ,南オーストラリア随一の農業産地マレー・ダーリング南部に位置し、すべて自社畑栽培のブドウを使用し醸造も行うピーツ・ピュア。サステナブル農法を実践する他、再生可能エネルギーの利用によるCO2削減にも取り組んでいるワイナリーです。こちらはシャルドネを主に使用した白ワイン。豊満な果実味とフレッシュさが特徴のフルーティーなスタイルです。
カデ・ドック・シャルドネ,5大シャトーの一角、シャトー・ムートン・ロスチャイルドを所有する、バロン・フィリップ社が南フランスのラングドック地方で手掛けるワイン。一流の技術と、選び抜かれた畑のブドウのみを使用して仕立てるため、手頃な価格ながら高い品質をお楽しみいただけます。こちらはシャルドネ100%で仕立てる白ワイン。軽やかでエレガントな味わいはハウスワインとして申し分のないクオリティで、驚きのコストパフォーマンスを誇ります。ぜひ料理とご一緒にお楽しみください。
シャブリ,1984年からワイン造りを始めた、ブルゴーニュでも比較的若いドメーヌ。「畑仕事がワインメーカーの何よりの仕事」をモットーとした、丁寧なワイン造りでシャブリを造り続けています。こちらはエノテカでベストセラーのシャブリです。ふくよかな果実味と溌剌とした酸のバランスが秀逸で、非常にコストパフォーマンスに優れた仕上がりです。
シャブリ,ダニエル・ダンプはシャブリの精髄を究める造り手。村名、一級畑ともにステンレスタンクを使用し、テロワールの特徴を最大限表現しています。こちらのシャブリは、ダニエル・ダンプの魅力を楽しめるスタンダードキュヴェ。シャブリのお手本とも言うべきエレガントな1本を是非ご堪能ください。
サンタ・クリスティーナ・ピノ・グリージョ,イタリアの名門アンティノリが手掛けるサンタ・クリスティーナ。1946年の発売以来長く愛され、イタリア国内で「その名を知らぬものはいない」と言われるロングセラーを記録しています。イタリアの「白ワインの聖地」で造られる、豊かな果実味とミネラル感を感じる爽やかなスタイルです。
グランド・リザーヴ・シャルドネ,幅広いラインナップを手掛ける、カリフォルニアのワイナリー、ケンダル・ジャクソン。グランド・リザーヴは、所有する様々な畑を厳格に区分して栽培したブドウを、ブレンドして仕立てる上級シリーズです。こちらはシャルドネを100%使用した1本で、トロピカルフルーツの濃密なアロマ、バターやナッツのコクとほのかなミネラル感が感じられるリッチな味わいが魅力です。
ラス・ムラス・ソーヴィニヨン・ブラン・レゼルヴァ,スペインワインを牽引する名生産者、トーレスが欧州の伝統と技術を用いてチリで手掛ける造り手。ラス・ムラスはエコサートの認証を取得しているオーガニックなシリーズです。ソーヴィニヨン・ブラン100%で仕立てられ、フレッシュで爽やかな味わいに仕上がっています。グリルした魚や繊細で優しい味わいのソースを添えた魚料理などと好相性です。
トルマレスカ・シャルドネ,トルマレスカは、イタリアの名門アンティノリ社がプーリア州で手掛けるワイナリー。「エレガントでトップクオリティのプーリア産ワインを造り出す」という信念を掲げています。こちらのシャルドネは、イタリアらしい華やかで明快な白ワイン。リッチな果実味と潮風のニュアンスを感じる、生き生きとした味わいです。
コルテ・ジャーラ・ソアヴェ,ワイン評価誌ガンベロ・ロッソの2016年版にて、「ワイナリー・オブ・ザ・イヤー」を受賞し、イタリア最高の生産者に輝いたアレグリーニ。こちらはイタリアの代表的な白ワイン、ソアヴェ。アペリティフとしてはもちろん、寿司や天ぷらなどの日本食などにも合わせられる、万能な1本です。
マプ・ソーヴィニヨン・ブラン,マプ・シリーズは、ボルドーの名門バロン・フィリップ・ド・ロスチャイルド社が、チリ有数の銘醸地、セントラル・ヴァレーで造っています。こちらのソーヴィニヨン・ブランは、柑橘系の華やかなアロマと、爽やかでみずみずしい飲み口が魅力の白ワインです。
ル・プティ・クルセル・レ・コピン,フランス・ボルドーのアントル・ドゥ・メール地区を代表する家族経営のワインメーカー、マリー・エ・シルヴィー・クルセルが手掛けるワイン、プティ・クルセル。ロバート・パーカー氏に「アペラシオンの中では最高のシャトーの一つ」と言わしめたシャトー・テューレイと同じ畑のブドウを使用して造られるハイクオリティなテーブルワインです。
アヴァント・アンオークト・シャルドネ,幅広いラインナップを手掛ける、カリフォルニアのワイナリー、ケンダル・ジャクソン。こちらは熟成させる前の、ブドウ本来の味を楽しんでもらいたいという願いが込められているアヴァントシリーズのシャルドネで仕立てる白ワインです。カリフォルニア各地の銘醸地から厳選したシャルドネが用いられており、樽熟成を行わない製法のため、果実味溢れるフレッシュな味わいが様々な料理とマッチします。
ジンガリ・ビアンコ,ミラノ・スカラ座にも認められたフランチャコルタの名門、ベラヴィスタ。そのオーナー・ファミリーであるヴィットリオ・モレッティ氏と愛娘フランチェスカ氏が、トスカーナに建てたワイナリーがペトラです。ジンガリはペトラの魅力をより多くの方に知ってもらうために生み出されたワイン。緻密な果実のアロマとフローラルなニュアンスが魅力の、フードフレンドリーな1本に仕上がっています。
エスクード・ロホ・グラン・レゼルヴァ・シャルドネ,メドック格付け第一級、シャトー・ムートンを手掛ける名門がチリの地で造る、「エスクード・ロホ・グラン・レゼルヴァ」シリーズ。こちらはチリで育ったシャルドネを、フランスで培われた技術で仕立てた白ワイン。よく冷やしてフルーティーな味わいから、温度が上がるにつれて変化するコクのある味わいを楽しむのもおすすめです。
ラインガウ リースリング・フォルラーツ,ラインガウにおける最古のワイナリーの一つであるシュロス・フォルラーツ。特級畑を含む、最高品質のリースリングの畑を持ち、先進的な研究も行っている名門ワイナリーです。こちらはそんな名門ワイナリーを代表する1本。ブドウの透明感ある味わいを最大限引き出した美しい仕上がりが特徴で、リースリングの良さがぎゅっと詰まった「お手本」とも言えるスタイル。透き通るほどに清らかで繊細さ溢れる味わいは、お刺身や焼き魚、天ぷらなどの魚介や野菜を使った和食と相性抜群です。
サンタ・クリスティーナ・ヴェルメンティーノ,イタリアの名門アンティノリが手掛けるサンタ・クリスティーナ。1946年の発売以来長く愛され、イタリア国内で「その名を知らぬものはいない」と言われるロングセラーを記録しています。こちらはそんな彼らが手掛ける、爽やかですっきりとした味わいの1本。フレッシュさとミネラル感溢れる仕上がりで、チーズや魚介類を用いた料理にぴったりです。
ヴィスタマーレ,カ・マルカンダは、多くのスーパータスカンが産出されるトスカーナのボルゲリ地区で、ガヤが手掛けるワイナリー。そのカ・マルカンダで唯一の白ワインがこちらのヴィスタマーレ。ボルゲリの美しい海を連想させる、ミネラル感と爽やかさが魅力の上品な味わいをお楽しみください。
ソアヴェ,アレグリーニは、16世紀初頭からヴェネト州にてワイン造りを行い、名声を築き上げてきた家族経営の名門ワイナリー。こちらのソアヴェは、伝統と革新的技術を融合させた銘品の数々の中でも、常に高評価を得ている白ワインです。柑橘類のフルーティーな中に、豊かな酸味と微かな苦味がアクセントとなる、上質な味わいに仕上がっています。
ラメッレ,イタリアの老舗ブランド「サルヴァトーレ フェラガモ」がトスカーナ州で手がけるワイナリー、イル・ボッロ。超一流と謳われるフェラガモ家のモノ造りのスピリッツとセンスにより、華やかでモダンでありながら、どこか温かみも感じさせる名品が生み出されています。古代、湖であったというミネラル豊富な土壌で育ったシャルドネを使用しているため、爽やかな仕上がりです。魚介類を使った料理との相性もよく、食事と一緒にお楽しみいただけます。
セントラル・コ－スト・シャルドネ,カレラは伝説的な醸造家、故ジョシュ・ジェンセン氏が1975年に創業し、「地球上で最も魅力的なピノ・ノワールのひとつ」と称されるワイナリー。カレラのラインナップにおいてスタンダードなキュヴェとなります。複数の地区のブドウをブレンドして造られ、柑橘類やパッションフルーツ、トーストのアロマにきれいな酸が魅力の、バランスに優れた仕上がりの1本です。
セラー・セレクション・ソーヴィニヨン・ブラン [ハーフボトル],国内外のコンクールで多数の受賞歴があるニュージーランドの生産者、シレーニ。中でもこちらのソーヴィニヨン・ブランは、エノテカでも長年に渡り不動の人気を誇る白ワインです。柑橘系を思わせるすっきりとした飲み口は和食にもピッタリ。普段の食卓で気軽に楽しんでいただきたい1本です。
ブルゴーニュ・シャルドネ,「飲む人が幸せを感じる高品質のワイン」を目指す、プイィ・フュイッセの優良生産者、ドメーヌ・パケ。有機栽培を取り入れ、環境を守りながら、ほぼ人の手だけでワインを仕立てています。こちらはブルゴーニュのシャルドネの良さを見事に表現した1本。アペリティフとしてはもちろん、魚や鶏肉、野菜と幅広くマッチします。果実味と樽のニュアンスの調和の取れた味わいをお楽しみください。
カイケン・スパークリング・ブリュット,カイケンは、チリにおけるモンテス社の知識と経験、アルゼンチンの恵まれた土壌が見事に融合した、ハイコスパ・デイリーワインの代名詞。こちらのワインは、シャンパーニュと同じ瓶内二次発酵が採用され、ピノ・ノワール主体のしっかりとした骨格や複雑味に、シャルドネによる美しい酸とエレガンスが共存したふくらみのある仕上がり。手頃な価格でありながら、手間暇を掛けた製法によるクオリティの高い味わいを実現しています。
プロジェクト・クワトロ・カヴァ プレミアム・レゼルヴァ,数々の星付きレストランにオンリストされている実力派ワイナリー、クロ・モンブラン。「誰でも手を伸ばせて、しかもとびきり美味しいワインを」という信念の元に造られるワインは、モダンなテイストで人気を博しています。こちらはシャンパーニュを思わせるきめ細かな泡立ちと、凛とした上品な酸味が素晴らしい1本。高級感を感じさせる味わいで、手土産にもおすすめです。
プロジェクト・クワトロ・カヴァ,数々の星付きレストランにオンリストされている実力派ワイナリー、クロ・モンブラン。「誰でも手を伸ばせて、しかもとびきり美味しいワインを」という信念の下に造られるワインは、モダンなテイストで人気を博しています。こちらはシャンパーニュと同じ製法で仕立てられるスパークリングワイン。キレのある飲み口が料理との相性もよく、クールな見た目はお手土産にもおすすめ。様々なシーンでお楽しみください。
シロクマ・ブリュット マルヤマ・ズー,北海道札幌市の円山動物園とのスペシャルコラボで生まれた、なんとも愛らしいボトルデザインが印象的なスパークリングワイン。生き生きとした果実味広がるリッチなテイストながら、飲み口はキリッと爽やか!見て、飲んで楽しめる、パーティで活躍すること間違いなしのスパークリングワインです。
エスパス・オブ・リマリ・ブリュット・スペシャル,チリ最大かつ最高のワインメーカー、コンチャ・イ・トロが手掛ける、注目度ワイナリー。こちらのブリュット・スペシャルは、その年最良の出来栄えだった区画のブドウから造られる特別なスパークリング。シャルドネとピノ・ノワールを絶妙にブレンドしており、ブルゴーニュにも通じる繊細な味わいです。
ヴィーニャ・エスメラルダ スパークリング・ブリュット,”キング・オブ・スペイン”と呼ばれ、「世界で最も称賛されるワインブランド」にも選ばれた名門トーレス。こちらは地中海産のモスカテルを使用した、フレッシュなスパークリングワイン。モスカテル特有のフルーティーな果実味にフローラルなニュアンスがアクセントを加えた、エレガントなスタイルです。
ランブルスコ・ディ・ソルバーラ・セッコ,カンティーナ・ディ・ソリエーラは1923年創業、複数のランブルスコ生産者から成るメディチ家所有の協同組合ワイナリー。こちらはソルバーラ種で仕立てる辛口赤スパークリング。イタリア料理はもちろん、繊細な味わいで海鮮やお寿司とも合わせてお楽しみいただけます。
エスパス・オブ・リマリ・スパークリング・ロゼ,チリ最大かつ最高のワインメーカー、コンチャ・イ・トロが手掛ける、注目ワイナリー。こちらは冷涼な気候を生かして造られるピノ・ノワールとシャルドネを、絶妙にブレンドして造るロゼスパークリング。フルーティーな味わいで、キリリとした後味が魅力的です。様々な料理と相性が良く、日常の食卓を鮮やかに彩ってくれます。
カルテット・アンダーソン・ヴァレー ブリュット,老舗シャンパーニュメゾンが手掛ける、カリフォルニア産スパークリングワイン。リッチなアロマと美しい酸を併せ持つエレガントなスタイルが魅力。シャンパーニュをも超えるとの呼び声高い逸品です。アペリティフとしてはもちろん、スパイスを使ったアジア料理、クリームソースの魚料理や白身の肉料理と素晴らしい相性を見せます。
カ・ディ・ライオ スプマンテ・ブリュット,イタリア・ヴェネト州に拠点を置く、プロセッコの人気生産者。こちらは彼らのスタイルを気軽に楽しめる、香り高いアロマとフレッシュかつフルーティーなスパークリングワインです。ピュアな果実味と清々しい酸味のバランスのとれた味わいは、前菜やアペリティフ、魚介料理と相性抜群です。
プロジェクト・クワトロ・カヴァ ロゼ,数々の星付きレストランにオンリストされている実力派ワイナリー、クロ・モンブラン。「誰でも手を伸ばせて、しかもとびきり美味しいワインを」という信念の下に造られるワインは、モダンなテイストで人気を博しています。こちらはシャンパーニュと同じ製法で仕立てられるロゼスパークリングワイン。ドライフルーツやイーストの香りがあり、贅沢な余韻がお楽しみいただけます。
モンテス・スパークリング・エンジェル・ブリュット,こちらは、不動の人気を誇るプレミアム・チリワインの造り手、モンテスが仕立てる1本。その魅力は、36カ月という並みのシャンパーニュを優に超える長期熟成が生むクリーミーな泡に、力強くも優美で複雑味のある味わい。丁寧に仕立てられた上質な1本を堪能ください。
ジョエア・オーガニック・スパークリング・シャルドネ,ジョエアは、フランスの新進気鋭ワイナリー、シャヴァンとエノテカが共同開発したワインテイスト飲料。オーガニック栽培されたブドウを使用し、独自製法による低カロリーの実現、まさに健康志向というトレンドにピッタリの1本です。アルコール度数0.1%未満でありながらも、スパークリングワイン風味に仕立てた本格派の仕上がりとなっております。※ワインテイスト飲料(アルコール度数が0.005%以上0.5%未満の飲料)
サングレ・デ・トロ・スパークリング・ブリュット,”キング・オブ・スペイン”と呼ばれ、「世界で最も称賛されるワインブランド」にも選ばれた名門トーレス。こちらはカヴァ・ブリュットに替わり、トーレスがグローバルな立ち位置のスパークリングワインを目指し、新発売した1本です。アペリティフとしてはもちろん、トマトのタルタル、シーフードなどの幅広い料理とお楽しみください。
シャッフェンベルガー ブリュット・エクセレンス,アメリカにおける最高品質のスパークリングワインを造ることを掲げて設立された造り手。現在は老舗シャンパーニュメゾン、ルイ・ロデレールの傘下でその品質に磨きをかけています。シャンパーニュの最低熟成期間を上回る長期の瓶内熟成により生まれる、リッチでクリーミーな味わいをお楽しみください。
ランブルスコ・グラスパロッサ・ディ・カステルヴェトロ・ドルチェ,カンティーナ・ディ・ソリエーラは1923年創業、複数のランブルスコ生産者から成るメディチ家所有の協同組合ワイナリー。こちらは濃厚でコクのある味わいが特徴のグラスパロッサ種から造られる甘口の赤スパークリング。食事からデザートまで幅広く合わせられる、親しみやすい味わいです。
セラー・セレクション・スパークリング・ソーヴィニヨン・ブラン,国内外のコンクールで多数の受賞歴があるニュージーランドの生産者、シレーニ。こちらはニュージーランドを代表する品種、ソーヴィニヨン・ブランで仕立てられたスパークリングワインです。柑橘系を思わせる爽快な味わいは食事とも相性抜群。グリーンサラダやエビのフリットなどと合わせてお楽しみください。
コルテ・ジャーラ・プロセッコ・ミレッジマート・エクストラ・ドライ,ワイン評価誌ガンベロ・ロッソの2016年版にて、「ワイナリー・オブ・ザ・イヤー」を受賞しイタリア最高の生産者に輝いたアレグリーニ。こちらのプロセッコはヴィンテージ入りで造られる1本。力強い果実味を適度な酸が綺麗にまとめるバランスに優れたスタイルです。
ルイ・ロデレール コレクション 245 [ボックス付],数々の受賞歴を誇る世界最高峰の老舗シャンパーニュ・メゾン、ルイ･ロデレール。「世界で最も称賛されるシャンパーニュ・ブランド」においては6年連続で第1位に選ばれ、名実ともに世界No.1の造り手として、不動の地位を築いています。こちらのコレクションは、そんなメゾンのスタイルが詰め込まれた、いわばメゾンの顔ともいうべきキュヴェ。ブレンドによって異なるヴィンテージやテロワールを表現するというコンセプトのもと誕生しました。そしてコレクション245は、2020年ヴィンテージのブドウをベースに造られた1本。驚くほどの成熟感と芳醇な果実味を備えた複雑な味わい。キレのあるフレッシュさに、卓越した骨格とのバランスが素晴らしい1本です。エノテカでも定番のこちらのシャンパーニュは、ご自宅用にはもちろん、特別な贈り物にもぴったりですので是非お楽しみください。
モスカート・ダスティ,ピエモンテにおいて、初めて「クリュ」の概念を導入したワイナリー。バローロの品質を劇的に向上させるきっかけとなる革新的なワインをリリースし、「ピエモンテのワインと言えばプルノット」と言われる名門です。こちらのモスカート・ダスティは、凝縮した果実味と程良い酸が感じられ、バランスの取れた味わいが魅力。ビスケットやクッキーと相性抜群なコクを感じる甘口ワインです。
ルイ・ロデレール コレクション 245 [ボックス付] [ハーフボトル],数々の受賞歴を誇る世界最高峰の老舗シャンパーニュ・メゾン、ルイ･ロデレール。「世界で最も称賛されるシャンパーニュ・ブランド」においては6年連続で第1位に選ばれ、名実ともに世界No.1の造り手として、不動の地位を築いています。こちらのコレクションは、そんなメゾンのスタイルが詰め込まれた、いわばメゾンの顔ともいうべきキュヴェ。ブレンドによって異なるヴィンテージやテロワールを表現するというコンセプトのもと誕生しました。
カザル・ガルシア・ブランコ,ヴィーニョ・ヴェルデの世界No.1ブランドとして君臨するアヴェレーダ。ワイン・プロデューサー・オブ・ザ・イヤーにも選ばれるなど、ポルトガルを代表する生産者です。こちらは彼らの代名詞であるヴィーニョ・ヴェルデ。微発泡で繊細な味わいはアペリティフや魚介類、和食との相性が抜群。ぜひキリっと冷やしてお召し上がりください。
ノミネ・ルナール ブリュット,ミシュラン星付きレストランにもオンリストされる、実力派メゾンの1つ。こちらは毎年変わらぬ高い品質を保つ、5つの村の小さな畑で育てる良質なブドウを使用して仕立てられる1本です。もぎたて果実のようなピュアな果実味が溢れる逸品。繊細さと上品さを兼備した美しいスタイルをお楽しみいただけます。
エスパス・オブ・リマリ・ブリュット・スペシャル [ハーフボトル],チリ最大かつ最高のワインメーカー、コンチャ・イ・トロが手掛ける、注目度ワイナリー。こちらのブリュット・スペシャルは、その年最良の出来栄えだった区画のブドウから造られる特別なスパークリング。シャルドネとピノ・ノワールを絶妙にブレンドしており、ブルゴーニュにも通じる繊細な味わいです。
クレマン・ド・ボルドー・ブリュット,ボルドー地方のでスパークリングワインを手掛ける生産者。ボルドー最大の協同組合に属し、ワイン造りを行っています。こちらのワインは、メルロとセミヨンを使用したクレマン・ド・ボルドー。爽やかで味わい深いスタイルが魅力です。
カルテット・アンダーソン・ヴァレー ブリュット [ハーフボトル],老舗シャンパーニュメゾンが手掛ける、カリフォルニア産スパークリングワイン。リッチなアロマと美しい酸を併せ持つエレガントなスタイルが魅力。シャンパーニュをも超えるとの呼び声高い逸品です。アペリティフとしてはもちろん、スパイスを使ったアジア料理、クリームソースの魚料理や白身の肉料理と素晴らしい相性を見せます。
ジョエア・オーガニック・スパークリング・シャルドネ [ハーフボトル],ジョエアは、フランスの新進気鋭ワイナリー、シャヴァンとエノテカが共同開発したワインテイスト飲料。オーガニック栽培されたブドウを使用し、独自製法による低カロリーの実現、まさに健康志向というトレンドにピッタリの1本です。アルコール度数0.1%未満でありながらも、スパークリングワイン風味に仕立てた本格派の仕上がりとなっております。※ワインテイスト飲料(アルコール度数が0.005%以上0.5%未満の飲料)
ソルシ,ワインの調和をイメージして楽器のハープの名前を冠した、イル・ボッロの卓越したセンスを受け継ぐシリーズ。ちょっとした手土産やプチ贅沢な休日のひとときに、シャンパーニュ製法ならではのきめ細やかな泡立ちが楽しめるスパークリングワインはいかがでしょうか。ワンランク上の日常を演出してくれる1本です。
ベルスター・キュヴェ・ロゼ,イタリア最高の造り手100社のひとつに選ばれたこともある、プロセッコのトップに君臨する名生産者。こちらは、そんな造り手が手掛けるロゼ・スパークリングです。フランボワーズやチェリーのような赤系果実、バラの華やかな香り。溌剌としたスタイルで、オレンジのような柑橘系風味も魅力です。
クレマン・ド・ブルゴーニュ,ヴォーヌ・ロマネで名を馳せるネゴシアン。こちらのワインは、ヴォーヌ・ロマネの著名なドメーヌが名前を伏せて造っています。程良い酸味が果実味を包み込む、綺麗な味わいが特徴で、細かな泡が心地良く口内を覆うのが魅力です。コストパフォーマンスに優れており、食前酒としてだけでなく食事を通しても楽しめる、万能な1本としてお楽しみください。
ベルスター,イタリア最高の造り手100 社のひとつに選ばれたこともある、プロセッコのトップに君臨する名生産者。こちらは、クリーミーな泡立ちでスッキリ爽やかな1本。ほんのり果実味が残る、甘さ控えめな味わいなので、食前酒としてだけではなく、さまざまな料理に合わせて楽しめる優れものです。
レオパーズ・リープ・キュヴェ・ブリュット,南アフリカ有数の銘醸地を拠点とするレオパーズ・リープ。こちらは、レオパーズ・リープとエノテカが共同で造り上げたスパークリングワインです。 白桃やライム、レモンなどの柑橘系果実のアロマ。フレッシュなメロンやトロピカルフルーツの味わいと爽快でキレのある余韻が魅力です。
カ・ディ・ライオ スプマンテ・ブリュット [ハーフボトル],イタリア・ヴェネト州に拠点を置く、プロセッコの人気生産者。こちらは彼らのスタイルを気軽に楽しめる、香り高いアロマとフレッシュかつフルーティーなスパークリングワインです。ピュアな果実味と清々しい酸味のバランスのとれた味わいは、前菜やアペリティフ、魚介料理と相性抜群です。
ルイ・ロデレール・ブリュット・ヴィンテージ [ボックス付],200年以上の歴史を持ち、圧倒的な存在感でシャンパーニュの頂点に立つ老舗メゾン、ルイ・ロデレール。ブリュット・ヴィンテージは、醸造責任者、ジャン・バティスト・レカイヨン氏曰く、「優れたブドウ畑だけが持つ純粋さ、上品さ、繊細さといった要素を、ルイ・ロデレールの偉大なテロワールからバランスよく引き出したワイン」。複雑な香りをもつピノ・ノワールをベースに、平均4年にも及ぶ木樽での熟成を経て造られるため、肉厚な果実味とエネルギーに満ちた余韻をお楽しみいただけます。
ガンチア・アスティ,イタリア・スパークリングワインの元祖としてその名を知られ、イタリア王室御用達となったことでも有名なガンチア。こちらは彼らの手掛ける甘口スパークリング。ふくよかなマスカットの香りと甘く爽やかな口当たりが魅力の1本です。
ドン ペリニヨン [ボックス付],「最高のワインを造る」というヴィジョンのもと、17世紀より歴史を持つメゾン。優良年に収穫されたブドウのみを使い、最高のヴィンテージのみに造られます。鋭い感性でヴィンテージの個性が解釈され、アッサンブラージュと精緻な微調整が施すことにより、その年毎の神秘的なハーモニーが生み出されます。
シャンパーニュ・バロン・ド・ロスチャイルド・ブリュット [ボックス付],世界的大財閥のロスチャイルド一族が彼らのこれまでの功績と精神的価値を代表するシンボルとして立ち上げたシャンパーニュ・メゾン。こちらのキュヴェは、複雑なブレンドにより、芳醇かつ爽やかという相反する要素を両立したエレガントな味わいです。細部に至るまでメゾンのこだわりが存分に表現された端正な仕上がりです。
クレーデ,世界各国で高い評価を受ける、由緒あるワイナリー。こちらはそんなビソルが手掛ける辛口スパークリングワインです。とてもフレッシュでエレガント、全体的に調和のとれた味わいが魅力。桃のジュースと混ぜてカクテルのベリーニを作るのもおすすめです。皆様の食卓を華やかに彩ってくれること間違いなしの1本です。
モスカート・ダスティ,日本でも根強い人気を誇るイタリアの甘口微発泡ワイン、モスカート・ダスティ。こちらはイタリアの有名ワイン評価誌、『ガンベロ・ロッソ』の2018年版で、見事最高評価のトレ・ビッキエリを獲得したサラッコの代表キュヴェ。他のモスカート・ダスティの生産者とは一線を画すトップクラスの味わいをお楽しみください。
ベルスター・キュヴェ・ロゼ [ハーフボトル],イタリア最高の造り手100社のひとつに選ばれたこともある、プロセッコのトップに君臨する名生産者。こちらは、そんな造り手が手掛けるロゼ・スパークリングです。フランボワーズやチェリーのような赤系果実、バラの華やかな香り。溌剌としたスタイルで、オレンジのような柑橘系風味も魅力です。
